Field	Gene	Locus	Nucleotide Position	AA Position	Default
23S-2611 base	23SrRNA	X67293	2599	NA	C
23S-2611 freq	23SrRNA	X67293	2599	NA	1
23S-2059 base	23SrRNA	X67293	2047	NA	A
23S-2059 freq	23SrRNA	X67293	2047	NA	1
23S-2058 base	23SrRNA	X67293	2046	NA	A
23S-2058 freq	23SrRNA	X67293	2046	NA	1
mtrR promoter	mtrR-CDEprom	CP012026	1110844,1110845,1110846,1110847,1110848	NA	AAAAA
mtr120 promoter	mtrR-CDEprom	CP012026	1110770	NA	G
mtrR -35	mtrR-CDEprom	CP012026	1110836	NA	G
mtrR WHOP	mtrR-CDEprom	CP012026	1110839	NA	C
mtrA binding site	mtrR-CDEprom	CP012026	1110865	NA	G
mtrR aa39	mtrR	CP012026	NA	39	A
mtrR aa44	mtrR	CP012026	NA	44	R
mtrR aa45	mtrR	CP012026	NA	45	G
mtrR aa47	mtrR	CP012026	NA	47	L
mtrR aa79	mtrR	CP012026	NA	79	D
mtrR aa105	mtrR	CP012026	NA	105	H
penA aa311	penA	CP012026	NA	311	A
penA aa312	penA	CP012026	NA	312	I
penA aa316	penA	CP012026	NA	316	V
penA aa483	penA	CP012026	NA	483	T
penA aa501	penA	CP012026	NA	501	A
penA aa504	penA	CP012026	NA	504	L
penA aa512	penA	CP012026	NA	512	N
penA aa516	penA	CP012026	NA	516	A
penA aa542	penA	CP012026	NA	542	G
penA aa545	penA	CP012026	NA	545	G
penA aa549	penA	CP012026	NA	549	A
penA aa551	penA	CP012026	NA	551	P
penA D345ins	penA	CP012026	NA	346	-
ponA aa375	ponA	CP012026	NA	375	A
ponA aa421	ponA	CP012026	NA	421	L
pilQ aa341	pilQ	CP012026	NA	341	S
pilQ aa526	pilQ	CP012026	NA	526	D
pilQ aa648	pilQ	CP012026	NA	648	S
pilQ aa666	pilQ	CP012026	NA	666	E
gyrA aa91	gyrA	CP012026	NA	91	S
gyrA aa92	gyrA	CP012026	NA	92	A
gyrA aa95	gyrA	CP012026	NA	95	D
parC aa86	parC	CP012026	NA	86	D
parC aa87	parC	CP012026	NA	87	S
parC aa88	parC	CP012026	NA	88	S
parC aa91	parC	CP012026	NA	91	E
rpsJ aa57	rpsJ	CP012026	NA	57	V
ftsX aa31	ftsX	CP012026	NA	31	T
rplD aa68	rplD	CP012026	NA	68	G
rplD aa70	rplD	CP012026	NA	70	G
macA aa99	macA	CP012026	NA	99	N
mtrD aa42	mtrD	CP012026	NA	42	T
mtrD aa46	mtrD	CP012026	NA	46	H
mtrD aa48	mtrD	CP012026	NA	48	I
mtrD aa101	mtrD	CP012026	NA	101	N
mtrD aa174	mtrD	CP012026	NA	174	R
mtrD aa612	mtrD	CP012026	NA	612	F
mtrD aa662	mtrD	CP012026	NA	662	V
mtrD aa669	mtrD	CP012026	NA	669	E
mtrD aa714	mtrD	CP012026	NA	714	R
mtrD aa821	mtrD	CP012026	NA	821	S
mtrD aa823	mtrD	CP012026	NA	823	K
mtrD aa826	mtrD	CP012026	NA	826	A
macA promoter	macA_and_prom	CP012026	1192227	NA	C
norM promoter	norMprom	CP012026	129495	NA	G
gyrB aa429	gyrB	CP012026	NA	429	D
gyrB aa450	gyrB	CP012026	NA	450	K
acnB aa348	acnB	CP012026	NA	348	G
acnB aa371	acnB	CP012026	NA	371	Q
16S-1053 base	FA19_16SrRNA	16S-CP012026	1053	NA	G
16S-1053 freq	FA19_16SrRNA	16S-CP012026	1053	NA	1
16S-1186 base	FA19_16SrRNA	16S-CP012026	1186	NA	C
16S-1186 freq	FA19_16SrRNA	16S-CP012026	1186	NA	1
rpsE aa24	rpsE	CP012026	NA	24	T
rpsE aa28	rpsE	CP012026	NA	28	K
